#pub,#sub,90th_percentile_latency(ms),average_latency(ms)
10,5,20.000000,5.469900
10,10,24.000000,7.779617
10,15,25.000000,9.048856
10,20,26.000000,9.689450
10,25,26.000000,10.909700
10,30,27.000000,11.671072
10,35,27.000000,12.219167
10,40,28.000000,13.577617
10,45,28.000000,13.454222
10,50,29.000000,14.787713
10,55,30.000000,15.385652
10,60,30.000000,15.891811
10,65,30.000000,16.048828
10,70,31.000000,16.588779
10,75,31.000000,17.054038
10,80,32.000000,18.025060
10,85,32.000000,17.964631
10,90,33.000000,19.221865
10,95,34.000000,20.174172
10,100,34.000000,20.633032
10,105,34.000000,20.569322
10,110,36.000000,22.225889
10,115,36.000000,22.146657
10,120,36.000000,23.112210
10,125,37.000000,23.642239
10,130,39.000000,24.040033
10,135,39.000000,25.235702
10,140,40.000000,25.233462
10,145,41.000000,26.420826
10,150,41.000000,27.024810
10,155,43.000000,27.883943
10,160,44.000000,28.626648
10,165,44.000000,29.208449
10,170,46.000000,29.912795
10,175,48.000000,31.597857
10,180,49.000000,32.451636
10,185,52.000000,33.767149
10,190,52.000000,33.479186
10,195,54.000000,34.980465
10,200,55.000000,35.982372
10,205,57.000000,36.365638
10,210,63.000000,39.778794
10,215,61.000000,38.811514
10,220,75.000000,44.419594
10,225,75.000000,44.419830
10,230,74.000000,44.917834
10,235,82.000000,48.664643
10,240,99.000000,55.995903
10,245,114.000000,63.937710
10,250,215.000000,100.031497
9,5,20.000000,5.153037
9,10,23.000000,7.083333
9,15,24.000000,8.019000
9,20,25.000000,9.623722
9,25,26.000000,10.106296
9,30,27.000000,11.710253
9,35,27.000000,12.228476
9,40,28.000000,13.055278
9,45,28.000000,13.445827
9,50,29.000000,14.195556
9,55,29.000000,14.892199
9,60,29.000000,15.179475
9,65,30.000000,15.743556
9,70,31.000000,16.731455
9,75,30.000000,16.450422
9,80,31.000000,17.120021
9,85,32.000000,17.781479
9,90,33.000000,18.802537
9,95,33.000000,19.021729
9,100,33.000000,19.527654
9,105,34.000000,20.301591
9,110,34.000000,20.634749
9,115,35.000000,21.481254
9,120,36.000000,22.313361
9,125,37.000000,23.428361
9,130,37.000000,23.314970
9,135,38.000000,23.948119
9,140,38.000000,24.190474
9,145,39.000000,25.490273
9,150,41.000000,26.193078
9,155,41.000000,26.170002
9,160,41.000000,26.927949
9,165,43.000000,28.160992
9,170,44.000000,28.855483
9,175,44.000000,28.954423
9,180,45.000000,29.696508
9,185,46.000000,30.230641
9,190,48.000000,31.977256
9,195,48.000000,32.104209
9,200,51.000000,33.351629
9,205,54.000000,34.454737
9,210,54.000000,35.706516
9,215,57.000000,36.688587
9,220,58.000000,37.831167
9,225,62.000000,39.477178
9,230,61.000000,39.041680
9,235,66.000000,41.079147
9,240,70.000000,42.764277
9,245,72.000000,44.058751
9,250,82.000000,48.636771
9,255,81.000000,48.438431
9,260,89.000000,51.601990
9,265,121.000000,63.325159
9,270,96.000000,53.636791
9,275,119.000000,61.013438
9,280,140.000000,70.922286
9,285,147.000000,71.784072
9,290,190.000000,88.728314
9,295,218.000000,100.357298
9,300,341.000000,144.410428
8,5,19.000000,5.002875
8,10,24.000000,7.148417
8,15,25.000000,8.064069
8,20,25.000000,9.626052
8,25,26.000000,11.146650
8,30,27.000000,11.440146
8,35,27.000000,11.893262
8,40,27.000000,12.649771
8,45,28.000000,13.791634
8,50,28.000000,13.832896
8,55,29.000000,14.182348
8,60,29.000000,15.060917
8,65,30.000000,15.478683
8,70,31.000000,16.400943
8,75,31.000000,16.889750
8,80,31.000000,16.698448
8,85,31.000000,17.121819
8,90,32.000000,18.210903
8,95,33.000000,18.836129
8,100,33.000000,18.621440
8,105,33.000000,19.555421
8,110,34.000000,20.177191
8,115,35.000000,20.815266
8,120,35.000000,21.046929
8,125,35.000000,21.990038
8,130,36.000000,22.354678
8,135,37.000000,23.169762
8,140,38.000000,23.701302
8,145,38.000000,24.072353
8,150,38.000000,24.661769
8,155,39.000000,25.259762
8,160,40.000000,25.995867
8,165,41.000000,26.397283
8,170,42.000000,27.459517
8,175,43.000000,28.110674
8,180,43.000000,27.796993
8,185,43.000000,28.721514
8,190,46.000000,30.026950
8,195,47.000000,30.991600
8,200,46.000000,30.607225
8,205,48.000000,31.999652
8,210,50.000000,33.250209
8,215,52.000000,33.877853
8,220,53.000000,34.583855
8,225,55.000000,35.708483
8,230,55.000000,36.689245
8,235,59.000000,38.047329
8,240,56.000000,36.693572
8,245,61.000000,38.880435
8,250,63.000000,40.586226
8,255,63.000000,40.008560
8,260,71.000000,43.613643
8,265,80.000000,48.206538
8,270,73.000000,44.370588
8,275,75.000000,45.180620
8,280,86.000000,49.188074
8,285,99.000000,54.046299
8,290,92.000000,52.869696
8,295,92.000000,53.021697
8,300,111.000000,58.646038
8,305,103.000000,58.201501
8,310,149.000000,75.960517
8,315,117.000000,63.914054
8,320,201.000000,90.743825
8,325,216.000000,96.843919
8,330,250.000000,109.890766
8,335,199.000000,94.068107
8,340,293.000000,129.159724
8,345,240.000000,107.658714
8,350,601.000000,219.739742
7,5,17.000000,4.335095
7,10,23.000000,6.888476
7,15,25.000000,7.702175
7,20,25.000000,8.270464
7,25,26.000000,9.566867
7,30,26.000000,10.251825
7,35,27.000000,10.908932
7,40,27.000000,11.380137
7,45,27.000000,12.072418
7,50,28.000000,13.539257
7,55,28.000000,13.690173
7,60,29.000000,14.147571
7,65,29.000000,14.870564
7,70,30.000000,15.076714
7,75,30.000000,15.545905
7,80,30.000000,15.949417
7,85,31.000000,17.252894
7,90,31.000000,17.532849
7,95,32.000000,18.071341
7,100,33.000000,18.722860
7,105,33.000000,18.946034
7,110,34.000000,19.619714
7,115,34.000000,20.101814
7,120,34.000000,20.324688
7,125,34.000000,20.871211
7,130,35.000000,21.058495
7,135,36.000000,21.379392
7,140,36.000000,21.936310
7,145,37.000000,22.908499
7,150,37.000000,23.174629
7,155,38.000000,24.094243
7,160,39.000000,25.058811
7,165,40.000000,25.464713
7,170,40.000000,25.317452
7,175,42.000000,26.809237
7,180,41.000000,26.827693
7,185,43.000000,27.597548
7,190,43.000000,28.017267
7,195,44.000000,28.286737
7,200,45.000000,29.590018
7,205,45.000000,29.681675
7,210,47.000000,30.668210
7,215,47.000000,31.185293
7,220,49.000000,32.734320
7,225,50.000000,33.169662
7,230,51.000000,33.460060
7,235,52.000000,34.760351
7,240,55.000000,35.688699
7,245,55.000000,36.380605
7,250,53.000000,35.189739
7,255,56.000000,36.919589
7,260,60.000000,37.934103
7,265,60.000000,38.683243
7,270,59.000000,38.230984
7,275,63.000000,40.525773
7,280,62.000000,40.825855
7,285,68.000000,41.449630
7,290,72.000000,44.215681
7,295,73.000000,45.246579
7,300,80.000000,47.246940
7,305,82.000000,48.150030
7,310,80.000000,47.258906
7,315,83.000000,49.198991
7,320,88.000000,52.216836
7,325,95.000000,55.128426
7,330,110.000000,62.896049
7,335,100.000000,61.272517
7,340,102.000000,59.654174
7,345,137.000000,66.944620
7,350,145.000000,75.993080
7,355,161.000000,85.942462
7,360,140.000000,72.819275
7,365,138.000000,72.945095
7,370,232.000000,111.313761
7,375,200.000000,95.108236
7,380,200.000000,101.858909
7,385,391.000000,169.027134
7,390,395.000000,184.054116
7,395,1980.000000,494.957046
7,400,962.000000,292.349014
6,5,18.000000,4.444833
6,10,23.000000,6.716778
6,15,24.000000,7.537870
6,20,25.000000,8.880444
6,25,26.000000,9.808244
6,30,27.000000,11.093815
6,35,27.000000,11.660119
6,40,28.000000,12.658611
6,45,27.000000,12.433019
6,50,29.000000,13.908967
6,55,29.000000,14.198146
6,60,29.000000,14.241569
6,65,30.000000,15.202697
6,70,30.000000,15.321532
6,75,30.000000,15.990737
6,80,30.000000,15.848264
6,85,31.000000,17.213745
6,90,31.000000,17.072827
6,95,32.000000,17.943851
6,100,32.000000,17.803739
6,105,32.000000,18.691476
6,110,33.000000,19.795836
6,115,34.000000,19.590331
6,120,34.000000,19.703833
6,125,34.000000,19.955064
6,130,35.000000,21.359626
6,135,35.000000,21.230858
6,140,35.000000,21.680885
6,145,35.000000,21.165441
6,150,36.000000,22.346813
6,155,37.000000,23.571312
6,160,38.000000,23.789641
6,165,38.000000,23.933210
6,170,39.000000,24.961809
6,175,39.000000,25.718330
6,180,41.000000,26.197585
6,185,41.000000,26.406896
6,190,41.000000,26.400902
6,195,41.000000,26.951812
6,200,42.000000,27.368446
6,205,43.000000,28.260709
6,210,43.000000,28.414903
6,215,45.000000,29.562150
6,220,45.000000,30.049039
6,225,45.000000,29.286574
6,230,46.000000,31.030579
6,235,46.000000,31.189249
6,240,49.000000,32.372876
6,245,51.000000,33.442704
6,250,50.000000,33.250718
6,255,52.000000,34.419117
6,260,53.000000,34.480666
6,265,55.000000,35.705498
6,270,54.000000,34.857802
6,275,56.000000,36.663077
6,280,57.000000,37.456073
6,285,58.000000,36.606687
6,290,60.000000,38.747642
6,295,64.000000,40.879636
6,300,62.000000,40.153966
6,305,69.000000,41.584646
6,310,68.000000,43.114295
6,315,74.000000,44.727925
6,320,70.000000,43.992539
6,325,67.000000,43.049704
6,330,74.000000,44.576008
6,335,74.000000,45.648883
6,340,77.000000,47.543843
6,345,77.000000,47.743551
6,350,86.000000,51.273067
6,355,100.000000,71.241676
6,360,93.000000,53.759434
6,365,90.000000,53.195786
6,370,97.000000,56.182814
6,375,113.000000,62.135701
6,380,98.000000,56.692122
6,385,121.000000,71.497350
6,390,122.000000,68.033732
6,395,129.000000,71.797133
6,400,165.000000,86.537599
6,405,154.000000,80.193038
6,410,151.000000,78.884067
6,415,160.000000,80.965938
6,420,173.000000,94.935191
6,425,168.000000,85.801593
6,430,214.000000,101.979851
6,435,216.000000,110.779142
6,440,177.000000,92.488604
6,445,231.000000,112.176251
6,450,214.000000,109.174559
5,5,17.000000,4.569867
5,10,24.000000,7.305633
5,15,25.000000,7.629978
5,20,25.000000,8.435883
5,25,26.000000,10.064013
5,30,27.000000,10.331322
5,35,27.000000,11.292829
5,40,27.000000,11.614108
5,45,28.000000,13.034259
5,50,28.000000,13.178320
5,55,29.000000,13.984939
5,60,29.000000,14.605528
5,65,29.000000,14.729677
5,70,29.000000,15.154824
5,75,30.000000,15.693933
5,80,30.000000,16.428679
5,85,30.000000,15.947914
5,90,31.000000,16.617870
5,95,31.000000,17.088754
5,100,31.000000,17.135973
5,105,32.000000,18.054194
5,110,32.000000,18.148742
5,115,33.000000,18.657472
5,120,33.000000,18.769350
5,125,33.000000,19.343931
5,130,34.000000,19.899633
5,135,34.000000,19.986237
5,140,35.000000,20.939633
5,145,35.000000,21.577122
5,150,35.000000,21.548011
5,155,36.000000,21.951768
5,160,37.000000,23.290256
5,165,37.000000,22.546481
5,170,37.000000,23.622937
5,175,38.000000,24.273118
5,180,39.000000,25.202519
5,185,38.000000,24.086110
5,190,39.000000,25.032188
5,195,40.000000,25.687959
5,200,40.000000,25.859072
5,205,41.000000,26.313107
5,210,43.000000,27.656759
5,215,42.000000,27.544420
5,220,43.000000,27.888483
5,225,43.000000,28.322471
5,230,44.000000,29.237736
5,235,44.000000,29.630945
5,240,45.000000,29.899586
5,245,47.000000,31.277219
5,250,47.000000,30.711733
5,255,47.000000,30.781361
5,260,49.000000,32.158817
5,265,48.000000,31.979213
5,270,49.000000,32.555586
5,275,51.000000,33.494808
5,280,50.000000,33.415035
5,285,53.000000,34.252738
5,290,52.000000,34.391808
5,295,52.000000,34.429981
5,300,55.000000,35.217300
5,305,55.000000,36.143719
5,310,56.000000,36.668184
5,315,59.000000,37.764764
5,320,58.000000,38.367843
5,325,59.000000,37.918075
5,330,63.000000,40.884175
5,335,60.000000,39.304961
5,340,63.000000,40.172286
5,345,62.000000,40.756305
5,350,67.000000,43.423513
5,355,65.000000,41.696530
5,360,69.000000,43.782394
5,365,72.000000,45.278675
5,370,76.000000,46.710982
5,375,74.000000,46.082918
5,380,73.000000,46.210583
5,385,83.000000,50.999745
5,390,78.000000,47.205966
5,395,81.000000,49.737939
5,400,89.000000,52.548420
5,405,89.000000,53.189756
5,410,83.000000,51.029302
5,415,91.000000,54.181511
5,420,92.000000,54.374336
5,425,99.000000,56.252224
5,430,99.000000,56.965574
5,435,100.000000,57.878711
5,440,109.000000,63.781767
5,445,116.000000,65.320116
5,450,119.000000,69.002088
5,455,107.000000,62.416742
5,460,118.000000,67.088891
5,465,110.000000,61.709655
5,470,147.000000,78.363593
5,475,140.000000,75.926759
5,480,143.000000,78.938949
5,485,152.000000,80.519977
5,490,171.000000,89.175522
5,495,147.000000,78.762609
5,500,165.000000,89.436953
4,5,17.000000,4.127333
4,10,23.000000,5.923625
4,15,23.000000,6.435194
4,20,25.000000,7.702167
4,25,26.000000,8.744300
4,30,27.000000,10.571944
4,35,26.000000,10.264952
4,40,27.000000,11.898323
4,45,27.000000,11.876176
4,50,28.000000,12.565742
4,55,28.000000,12.818758
4,60,29.000000,14.278417
4,65,29.000000,14.376673
4,70,29.000000,14.518976
4,75,29.000000,14.807906
4,80,30.000000,15.493495
4,85,30.000000,16.222843
4,90,30.000000,16.135546
4,95,31.000000,17.197684
4,100,32.000000,17.734854
4,105,32.000000,17.305520
4,110,32.000000,17.638182
4,115,32.000000,18.208380
4,120,33.000000,18.693083
4,125,33.000000,18.526543
4,130,34.000000,19.212147
4,135,34.000000,20.378599
4,140,35.000000,20.221786
4,145,34.000000,20.395845
4,150,34.000000,20.260231
4,155,35.000000,21.309446
4,160,36.000000,21.639422
4,165,36.000000,22.358462
4,170,36.000000,22.111632
4,175,37.000000,22.881079
4,180,37.000000,23.063787
4,185,38.000000,23.443964
4,190,38.000000,23.179327
4,195,38.000000,23.601348
4,200,38.000000,23.883650
4,205,39.000000,25.111661
4,210,39.000000,25.342026
4,215,41.000000,26.112081
4,220,40.000000,26.188419
4,225,40.000000,26.754252
4,230,42.000000,27.767489
4,235,42.000000,27.198610
4,240,43.000000,27.689854
4,245,43.000000,28.465000
4,250,43.000000,28.509522
4,255,43.000000,28.039173
4,260,44.000000,29.497904
4,265,44.000000,29.899898
4,270,45.000000,30.124304
4,275,47.000000,30.682706
4,280,48.000000,31.566406
4,285,47.000000,30.885135
4,290,49.000000,32.732062
4,295,48.000000,32.035664
4,300,51.000000,33.253650
4,305,49.000000,32.739074
4,310,49.000000,32.811355
4,315,50.000000,33.618606
4,320,53.000000,35.616090
4,325,53.000000,35.276614
4,330,52.000000,35.268784
4,335,56.000000,37.276810
4,340,57.000000,37.931882
4,345,54.000000,36.763537
4,350,58.000000,38.397225
4,355,56.000000,37.611400
4,360,59.000000,39.121807
4,365,58.000000,38.342900
4,370,61.000000,39.748554
4,375,60.000000,38.956194
4,380,67.000000,42.552728
4,385,63.000000,41.130148
4,390,65.000000,41.843203
4,395,65.000000,41.984466
4,400,65.000000,41.847294
4,405,70.000000,43.934503
4,410,69.000000,43.573390
4,415,66.000000,43.007289
4,420,73.000000,45.935265
4,425,77.000000,47.751236
4,430,75.000000,46.224430
4,435,74.000000,45.965587
4,440,72.000000,45.782643
4,445,78.000000,47.966584
4,450,76.000000,47.948805
4,455,74.000000,46.956414
4,460,78.000000,48.391646
4,465,81.000000,49.308050
4,470,85.000000,51.525320
4,475,86.000000,51.837406
4,480,94.000000,54.925355
4,485,96.000000,55.271755
4,490,96.000000,56.322976
4,495,103.000000,58.887096
4,500,105.000000,59.155149
4,505,106.000000,61.318594
4,510,109.000000,62.342975
4,515,96.000000,59.073993
4,520,112.000000,65.352218
4,525,134.000000,73.839268
4,530,115.000000,64.539946
4,535,131.000000,72.026360
4,540,148.000000,78.420106
4,545,135.000000,77.093463
4,550,124.000000,69.456222
4,555,115.000000,67.358031
4,560,132.000000,71.550722
4,565,134.000000,73.216984
4,570,142.000000,82.926437
4,575,134.000000,76.424772
4,580,149.000000,81.060944
4,585,168.000000,88.522082
4,590,211.000000,105.037120
4,595,134.000000,77.824134
4,600,168.000000,93.766358
4,605,194.000000,99.612752
4,610,212.000000,106.868658
4,615,183.000000,99.782324
4,620,162.000000,90.075695
4,625,174.000000,95.027938
4,630,195.000000,99.790596
4,635,226.000000,112.628467
4,640,295.000000,141.701913
4,645,308.000000,154.075911
4,650,308.000000,142.995568
3,5,20.000000,4.722889
3,10,24.000000,6.560611
3,15,23.000000,6.207370
3,20,24.000000,7.129417
3,25,25.000000,8.077889
3,30,26.000000,9.243167
3,35,26.000000,9.796460
3,40,26.000000,10.615139
3,45,27.000000,11.292877
3,50,27.000000,11.790789
3,55,27.000000,11.521222
3,60,27.000000,12.537157
3,65,28.000000,13.167564
3,70,29.000000,13.446214
3,75,28.000000,13.829570
3,80,29.000000,14.222146
3,85,30.000000,15.036281
3,90,30.000000,14.878981
3,95,30.000000,15.666053
3,100,30.000000,15.784683
3,105,30.000000,15.637725
3,110,31.000000,16.241490
3,115,31.000000,16.826338
3,120,31.000000,17.169588
3,125,32.000000,17.712093
3,130,32.000000,18.304598
3,135,32.000000,18.122786
3,140,33.000000,18.493492
3,145,33.000000,18.920418
3,150,33.000000,18.786533
3,155,33.000000,19.287634
3,160,34.000000,19.449014
3,165,34.000000,19.914825
3,170,35.000000,20.652451
3,175,35.000000,20.474762
3,180,35.000000,20.965491
3,185,35.000000,20.900928
3,190,36.000000,21.642418
3,195,36.000000,21.571721
3,200,36.000000,21.837186
3,205,36.000000,22.278816
3,210,36.000000,22.252656
3,215,37.000000,22.493561
3,220,37.000000,23.442593
3,225,38.000000,23.931227
3,230,38.000000,24.138121
3,235,38.000000,24.027837
3,240,40.000000,25.467535
3,245,40.000000,25.327490
3,250,40.000000,25.832980
3,255,41.000000,26.038124
3,260,42.000000,27.089442
3,265,42.000000,27.298010
3,270,43.000000,27.897362
3,275,43.000000,28.092842
3,280,45.000000,29.354200
3,285,43.000000,27.867877
3,290,44.000000,28.691745
3,295,44.000000,29.128305
3,300,46.000000,30.165794
3,305,46.000000,30.253064
3,310,45.000000,30.224771
3,315,47.000000,31.060459
3,320,48.000000,32.097292
3,325,48.000000,32.216238
3,330,48.000000,32.511641
3,335,48.000000,32.863352
3,340,49.000000,33.387626
3,345,51.000000,34.152071
3,350,52.000000,35.156013
3,355,52.000000,35.103052
3,360,51.000000,34.586907
3,365,51.000000,34.549015
3,370,53.000000,35.635818
3,375,54.000000,36.327490
3,380,54.000000,35.903414
3,385,55.000000,36.703577
3,390,54.000000,35.777151
3,395,52.000000,34.540340
3,400,54.000000,35.996796
3,405,56.000000,37.053045
3,410,57.000000,36.831065
3,415,59.000000,37.718238
3,420,59.000000,37.921858
3,425,59.000000,38.456331
3,430,63.000000,40.173264
3,435,60.000000,39.593180
3,440,62.000000,39.764614
3,445,62.000000,39.495295
3,450,63.000000,40.054578
3,455,62.000000,39.679449
3,460,62.000000,39.436657
3,465,63.000000,39.966724
3,470,66.000000,40.348327
3,475,61.000000,38.496152
3,480,68.000000,41.424080
3,485,66.000000,40.718397
3,490,64.000000,39.623944
3,495,71.000000,42.863131
3,500,67.000000,41.119663
3,505,71.000000,41.992057
3,510,69.000000,42.300986
3,515,68.000000,41.791579
3,520,73.000000,44.287546
3,525,75.000000,45.539244
3,530,70.000000,42.744972
3,535,72.000000,43.208805
3,540,76.000000,45.875657
3,545,80.000000,47.131415
3,550,82.000000,49.435036
3,555,80.000000,47.944929
3,560,74.000000,45.454492
3,565,84.000000,49.823653
3,570,93.000000,52.239914
3,575,88.000000,51.286972
3,580,84.000000,50.081130
3,585,92.000000,52.117106
3,590,91.000000,53.090170
3,595,95.000000,55.815349
3,600,98.000000,55.691520
3,605,96.000000,55.653358
3,610,94.000000,56.454852
3,615,119.000000,64.731174
3,620,97.000000,57.554582
3,625,104.000000,58.817405
3,630,111.000000,62.629464
3,635,119.000000,65.756850
3,640,118.000000,68.104768
3,645,109.000000,64.283705
3,650,124.000000,68.417807
3,655,118.000000,67.648883
3,660,113.000000,64.265330
3,665,121.000000,67.223478
3,670,133.000000,73.820107
3,675,117.000000,67.370916
3,680,126.000000,70.610712
3,685,149.000000,80.083360
3,690,138.000000,75.725196
3,695,148.000000,80.699873
3,700,134.000000,74.430190
3,705,155.000000,81.877727
3,710,138.000000,76.296457
3,715,142.000000,77.560774
3,720,153.000000,81.795988
3,725,173.000000,89.754762
3,730,140.000000,78.004126
3,735,194.000000,99.911902
3,740,199.000000,101.827078
3,745,147.000000,82.689990
3,750,165.000000,91.438450
3,755,200.000000,105.661953
3,760,176.000000,97.102620
3,765,171.000000,90.923732
3,770,185.000000,97.686820
3,775,178.000000,96.446785
3,780,178.000000,96.056192
3,785,395.000000,165.730706
3,790,222.000000,113.175833
3,795,195.000000,105.001794
3,800,196.000000,100.976792
2,5,8.000000,3.400833
2,10,22.000000,5.680333
2,15,24.000000,6.674611
2,20,25.000000,7.783583
2,25,26.000000,9.382033
2,30,27.000000,10.253056
2,35,26.000000,10.180310
2,40,27.000000,11.101625
2,45,28.000000,12.112389
2,50,28.000000,12.527417
2,55,28.000000,12.211848
2,60,28.000000,12.909806
2,65,29.000000,13.760795
2,70,29.000000,14.170869
2,75,29.000000,14.426111
2,80,29.000000,13.887167
2,85,30.000000,15.363980
2,90,31.000000,16.297194
2,95,30.000000,16.240719
2,100,31.000000,17.013458
2,105,31.000000,16.780468
2,110,32.000000,16.906348
2,115,31.000000,16.960225
2,120,32.000000,17.540424
2,125,33.000000,19.053520
2,130,33.000000,18.501096
2,135,33.000000,18.492179
2,140,33.000000,18.718589
2,145,33.000000,19.163489
2,150,34.000000,19.852867
2,155,34.000000,20.009376
2,160,34.000000,19.967672
2,165,34.000000,20.591354
2,170,35.000000,20.604176
2,175,35.000000,21.149743
2,180,35.000000,21.459315
2,185,36.000000,21.320293
2,190,36.000000,22.054066
2,195,36.000000,22.168043
2,200,38.000000,23.507200
2,205,37.000000,23.372386
2,210,38.000000,23.548381
2,215,37.000000,23.866194
2,220,38.000000,24.098159
2,225,39.000000,24.830185
2,230,38.000000,24.593196
2,235,39.000000,25.011709
2,240,39.000000,25.485076
2,245,39.000000,25.364588
2,250,40.000000,25.939950
2,255,41.000000,27.032376
2,260,41.000000,26.812619
2,265,41.000000,26.836038
2,270,41.000000,26.736960
2,275,40.000000,26.727142
2,280,42.000000,27.524065
2,285,42.000000,27.652187
2,290,42.000000,27.702845
2,295,42.000000,28.405181
2,300,43.000000,29.418133
2,305,43.000000,28.994085
2,310,44.000000,30.014355
2,315,43.000000,29.808122
2,320,45.000000,30.584214
2,325,43.000000,29.973608
2,330,45.000000,30.845318
2,335,44.000000,30.485540
2,340,45.000000,31.152120
2,345,45.000000,31.278541
2,350,46.000000,31.262757
2,355,47.000000,31.883559
2,360,46.000000,31.965111
2,365,48.000000,33.013614
2,370,48.000000,32.893529
2,375,50.000000,33.595651
2,380,47.000000,32.414368
2,385,50.000000,33.718422
2,390,50.000000,33.872342
2,395,49.000000,33.697238
2,400,50.000000,33.703550
2,405,51.000000,34.366788
2,410,50.000000,33.540878
2,415,51.000000,34.413859
2,420,52.000000,34.859296
2,425,52.000000,34.686482
2,430,54.000000,36.066965
2,435,54.000000,41.587935
2,440,68.000000,172.783443
2,445,53.000000,35.464500
2,450,54.000000,35.964309
2,455,55.000000,36.339767
2,460,59.000000,38.061730
2,465,56.000000,36.478756
2,470,57.000000,36.997800
2,475,56.000000,37.000111
2,480,57.000000,37.079276
2,485,57.000000,37.211744
2,490,56.000000,36.399060
2,495,60.000000,38.096162
2,500,57.000000,37.488378
2,505,61.000000,39.386781
2,510,58.000000,37.779953
2,515,61.000000,39.138877
2,520,59.000000,37.833737
2,525,60.000000,38.581967
2,530,60.000000,38.136415
2,535,66.000000,40.796952
2,540,60.000000,39.372924
2,545,64.000000,39.695109
2,550,62.000000,39.185692
2,555,63.000000,39.984847
2,560,69.000000,41.917686
2,565,65.000000,40.588246
2,570,69.000000,43.049004
2,575,67.000000,42.615541
2,580,70.000000,44.278240
2,585,68.000000,41.953624
2,590,73.000000,45.125016
2,595,70.000000,43.881066
2,600,68.000000,42.446781
2,605,68.000000,42.846760
2,610,68.000000,43.355551
2,615,69.000000,43.910203
2,620,72.000000,43.879560
2,625,72.000000,44.507973
2,630,74.000000,44.994317
2,635,78.000000,47.323474
2,640,74.000000,45.586823
2,645,75.000000,46.911527
2,650,72.000000,44.581088
2,655,77.000000,46.972192
2,660,75.000000,46.858129
2,665,74.000000,46.555474
2,670,74.000000,45.815366
2,675,74.000000,45.841540
2,680,78.000000,47.706072
2,685,84.000000,50.260146
2,690,83.000000,50.223355
2,695,86.000000,51.311319
2,700,81.000000,50.476956
2,705,79.000000,47.787678
2,710,88.000000,52.353012
2,715,87.000000,52.475904
2,720,85.000000,51.763102
2,725,89.000000,53.184720
2,730,87.000000,52.184797
2,735,86.000000,52.149340
2,740,91.000000,53.721492
2,745,94.000000,56.060707
2,750,95.000000,54.959950
2,755,95.000000,56.429807
2,760,92.000000,56.156086
2,765,97.000000,57.040732
2,770,93.000000,55.760511
2,775,111.000000,63.127203
2,780,103.000000,58.324829
2,785,107.000000,62.107289
2,790,106.000000,62.372686
2,795,110.000000,61.985212
2,800,111.000000,63.762748
1,5,10.000000,3.550333
1,10,17.000000,5.598333
1,15,25.000000,7.210889
1,20,26.000000,8.790250
1,25,26.000000,8.526333
1,30,27.000000,10.849667
1,35,27.000000,10.400381
1,40,28.000000,10.821458
1,45,28.000000,12.874407
1,50,29.000000,13.145133
1,55,29.000000,13.912788
1,60,29.000000,13.908389
1,65,29.000000,13.171590
1,70,29.000000,13.939429
1,75,30.000000,14.299933
1,80,31.000000,16.187042
1,85,30.000000,15.996353
1,90,30.000000,15.432833
1,95,31.000000,16.960947
1,100,30.000000,16.441833
1,105,31.000000,16.663921
1,110,31.000000,17.007758
1,115,32.000000,17.730391
1,120,32.000000,17.901306
1,125,32.000000,17.850467
1,130,31.000000,18.138103
1,135,32.000000,18.443506
1,140,32.000000,18.712321
1,145,33.000000,19.042793
1,150,33.000000,18.685533
1,155,33.000000,19.364333
1,160,33.000000,19.979115
1,165,35.000000,20.844980
1,170,33.000000,20.299922
1,175,34.000000,20.588667
1,180,35.000000,21.306019
1,185,34.000000,20.815640
1,190,34.000000,21.026272
1,195,35.000000,22.240684
1,200,36.000000,22.519125
1,205,36.000000,22.808415
1,210,37.000000,23.380151
1,215,36.000000,23.131333
1,220,36.000000,23.292311
1,225,36.000000,23.101815
1,230,36.000000,23.627145
1,235,36.000000,22.980794
1,240,36.000000,23.959056
1,245,37.000000,23.771537
1,250,37.000000,23.825553
1,255,38.000000,24.339824
1,260,38.000000,25.271019
1,265,38.000000,24.844239
1,270,39.000000,25.899574
1,275,39.000000,25.828394
1,280,39.000000,26.050196
1,285,39.000000,27.097889
1,290,39.000000,26.805753
1,295,40.000000,27.649492
1,300,40.000000,27.740939
1,305,41.000000,28.398749
1,310,41.000000,28.652935
1,315,40.000000,28.343683
1,320,41.000000,28.586010
1,325,41.000000,28.719056
1,330,40.000000,28.160040
1,335,42.000000,28.798189
1,340,42.000000,29.002098
1,345,42.000000,29.104734
1,350,44.000000,30.484000
1,355,43.000000,30.033094
1,360,43.000000,30.232769
1,365,43.000000,29.743498
1,370,43.000000,29.503649
1,375,44.000000,30.450320
1,380,45.000000,30.711820
1,385,45.000000,31.110978
1,390,44.000000,30.622880
1,395,45.000000,30.534456
1,400,46.000000,31.358271
1,405,47.000000,31.446634
1,410,44.000000,30.611524
1,415,45.000000,30.882924
1,420,47.000000,31.449952
1,425,45.000000,30.759761
1,430,47.000000,31.627500
1,435,47.000000,32.415517
1,440,48.000000,32.507292
1,445,46.000000,31.537921
1,450,46.000000,31.390807
1,455,49.000000,32.810575
1,460,47.000000,31.592862
1,465,48.000000,31.453516
1,470,48.000000,31.735723
1,475,48.000000,31.518828
1,480,51.000000,33.299156
1,485,47.000000,30.853326
1,490,49.000000,32.786605
1,495,47.000000,32.036778
1,500,49.000000,32.641223
1,505,50.000000,32.687261
1,510,49.000000,31.902000
1,515,50.000000,32.862142
1,520,51.000000,33.290878
1,525,52.000000,33.716483
1,530,52.000000,33.320755
1,535,50.000000,33.158545
1,540,52.000000,33.498836
1,545,55.000000,34.784813
1,550,54.000000,34.390203
1,555,55.000000,35.035772
1,560,57.000000,36.921905
1,565,57.000000,36.555147
1,570,55.000000,35.328398
1,575,53.000000,34.432884
1,580,56.000000,35.985006
1,585,52.000000,34.635348
1,590,56.000000,36.501785
1,595,54.000000,35.334356
1,600,56.000000,36.418661
1,605,55.000000,35.584887
1,610,54.000000,35.185833
1,615,56.000000,36.302322
1,620,55.000000,35.766755
1,625,57.000000,37.236229
1,630,61.000000,38.536952
1,635,57.000000,37.145906
1,640,62.000000,38.734247
1,645,57.000000,36.524062
1,650,62.000000,39.721667
1,655,64.000000,39.858527
1,660,60.000000,37.951096
1,665,57.000000,36.837669
1,670,60.000000,38.695848
1,675,63.000000,40.044131
1,680,66.000000,40.480179
1,685,66.000000,41.526754
1,690,65.000000,40.244582
1,695,64.000000,40.160993
1,700,63.000000,39.691114
1,705,62.000000,38.505823
1,710,60.000000,38.963089
1,715,66.000000,41.100781
1,720,72.000000,43.858333
1,725,68.000000,42.554832
1,730,67.000000,41.275553
1,735,69.000000,42.979390
1,740,67.000000,42.291115
1,745,66.000000,42.426094
1,750,70.000000,43.669416
1,755,70.000000,42.528854
1,760,68.000000,42.047559
1,765,73.000000,45.175889
1,770,70.000000,42.920169
1,775,70.000000,43.726331
1,780,71.000000,45.457017
1,785,71.000000,45.836140
1,790,74.000000,47.076947
1,795,76.000000,48.803096
1,800,79.000000,49.829765
